{"cameraMode":{"drawMode":0,"name":"Shaded","section":"Shading Mode"},"sceneLighting":true,"audioPlay":false,"sceneViewState":{"showFog":true,"showMaterialUpdate":false,"showSkybox":true,"showFlares":true,"showImageEffects":true,"showParticleSystems":true},"in2DMode":false,"pivot":{"x":571.4021606445313,"y":-154.34063720703126,"z":324.414794921875},"rotation":{"x":-0.33248597383499148,"y":0.33877336978912356,"z":-0.12937897443771363,"w":-0.8706017732620239},"size":495.9185791015625,"orthographic":false}